{
  "manifestVersion": 1,
  "id": "-Azure-KeyVault",
  "version": "2.1.0",
  "name": " Azure Key Vault",
  "description": "The Azure Key Vault provided by the  Competence Center",
  "publisher": "",
  "targets": [
    {
      "id": "Microsoft.VisualStudio.Services.Cloud"
    }
  ],
  "icons": {
    "default": "icon.png",
    "large": "icon.png"
  },
  "categories": [
    "Azure Pipelines"
  ],
  "tags": [
    "Azure",
    "Cloud",
    ""
  ],
  "contributions": [
    {
      "id": "KeyVaultTask",
      "type": "ms.vss-distributed-task.task",
      "targets": [
        "ms.vss-distributed-task.tasks"
      ],
      "properties": {
        "name": "KeyVault"
      }
    }
  ],
  "files": [
    {
      "path": "KeyVault"
    }
  ]
}