{
    "id": "18072cb8-549b-480b-99c2-8c9c7fc3ceef",
    "name": "KeyVaultTask",
    "friendlyName": "Steel - Key Vault",
    "description": "DevOps Team - Task creates, updates or removes a V2 State Key Vault within a Resource Group.",
    "helpMarkDown": "[Learn more about this task](https://tsx.sharepoint.com/sites/EXT/CCCinfo/Lists/ServiceList/AllItems.aspx)",
    "category": "Deploy",
    "visibility": [
        "Release"
    ],
    "author": "T",
    "version": {
        "Major": 2,
        "Minor": 1,
        "Patch": 0
    },
    "preview": "false",
    "instanceNameFormat": "Key Vault - $(action) $(keyVaultPrefix) $(keyVaultName)",
    "groups": [
        {
            "name": "AzureDetails",
            "displayName": "Azure Details",
            "isExpanded": true
        },
        {
            "name": "DeploymentDetails",
            "displayName": "Deployment Details",
            "isExpanded": true
        }
    ],
    "inputs": [
        {
            "name": "ConnectedServiceNameSelector",
            "aliases": [
                "azureConnectionType"
            ],
            "type": "pickList",
            "label": "Azure Connection Type",
            "required": false,
            "groupName": "AzureDetails",
            "helpMarkDown": "",
            "defaultValue": "ConnectedServiceNameARM",
            "options": {
                "ConnectedServiceNameARM": "Azure Resource Manager"
            }
        },
        {
            "name": "ConnectedServiceNameARM",
            "aliases": [
                "azureSubscription"
            ],
            "type": "connectedService:AzureRM",
            "label": "Azure Subscription",
            "defaultValue": "",
            "required": true,
            "groupName": "AzureDetails",
            "helpMarkDown": "Azure Resource Manager subscription to configure before running PowerShell",
            "visibleRule": "ConnectedServiceNameSelector = ConnectedServiceNameARM"
        },
        {
            "name": "action",
            "type": "pickList",
            "label": "Desired action",
            "options": {
                "new": "New",
                "update": "Update",
                "remove": "Remove"
            },
            "defaultValue": "new",
            "required": true,
            "groupName": "DeploymentDetails",
            "helpMarkDown": "Choose whether you want to create, update or delete a Key Vault."
        },
        {
            "name": "enabledForDeployment",
            "type": "boolean",
            "label": "Enabled for Deployment",
            "required": true,
            "defaultValue": false,
            "groupName": "DeploymentDetails",
            "helpMarkDown": "Enable access to Azure Resource Manager for template deployment.Specifies whether Azure Resource Manager is permitted to retrieve secrets from the key vault..",
            "visibleRule": "action = new"

        },
        {
            "name": "enabledForDiskEncryption",
            "type": "boolean",
            "label": "Enabled for Disk Encryption",
            "required": true,
            "defaultValue": false,
            "groupName": "DeploymentDetails",
            "helpMarkDown": "Enable access to Azure Disk Encryption for volumne encryption.",
            "visibleRule": "action = new"

        },
        {
            "name": "enabledForTemplateDeployment",
            "type": "boolean",
            "label": "Enabled for Template Deployment",
            "required": true,
            "defaultValue": false,
            "groupName": "DeploymentDetails",
            "helpMarkDown": "Enable access to Azure Virtual Machine for deplyoment.",
            "visibleRule": "action = new"

        },
        {
            "name": "keyVaultPrefix",
            "type": "string",
            "label": "Key Vault prefix",
            "required": true,
            "groupName": "DeploymentDetails",
            "defaultValue": "",
            "helpMarkDown": "Provide the name of the Key Vault based on your solution name. Min 3 maximum 12 characters long",
            "visibleRule": "action = new"

        },
        {
            "name": "keyVaultName",
            "type": "pickList",
            "label": "Key Vault name",
            "required": true,
            "groupName": "DeploymentDetails",
            "defaultValue": "",
            "helpMarkDown": "Provide the name of the Key Vault. Min 3 maximum 24 characters long",
            "visibleRule": "action = remove || action = update",
            "properties": {
              "EditableOptions": "True"
            }

        },
        {
            "name": "Location",
            "label": "Location",
            "type": "pickList",
            "defaultValue": "",
            "required": false,
            "groupName": "DeploymentDetails",
            "helpMarkDown": "Location of the resource. When left blank, the location of ResourceGroup will be used",
            "visibleRule": "action = new",
            "options": {
              "northeurope": "North Europe",
              "westeurope": "West Europe",
              "uksouth": "Uk South",
              "ukwest": "Uk West",
              "": "Derive location from resource group"
            }
        },
        {
            "name": "objectId",
            "type": "string",
            "label": "Object ID",
            "required": false,
            "groupName": "DeploymentDetails",
            "defaultValue": "$(ServicePrincipalId)",
            "helpMarkDown": "Provide the Object ID of the SPN/User/AD Group that will gain access to this KeyVault.",
            "visibleRule": "action = new || action = update"
        },
        {
            "name": "resourceGroupName",
            "type": "pickList",
            "label": "Azure Resource Group",
            "required": true,
            "groupName": "DeploymentDetails",
            "defaultValue": "$(ResourceGroupName)",
            "helpMarkDown": "Provide the name of the Resource Group where the Key Vault will be located.",
            "visibleRule": "action = new || action = update || action = remove",
            "properties": {
                "EditableOptions": "True"
              }
        },
        {
            "name": "sku",
            "type": "pickList",
            "label": "SKU",
            "options": {
                "Standard": "Standard",
                "Premium": "Premium"
            },
            "required": true,
            "groupName": "DeploymentDetails",
            "defaultValue": "Premium",
            "helpMarkDown": "Provide the SKU for KeyVault.",
            "visibleRule": "action = new"
        }
    ],
    "dataSourceBindings": [
        {
          "target": "KeyVaultName",
          "endpointId": "$(ConnectedServiceNameARM)",
          "endpointUrl": "{{{endpoint.url}}}/subscriptions/{{{endpoint.subscriptionId}}}/resources?$filter=resourceType eq 'Microsoft.KeyVault/vaults'&api-version=2019-09-01",
          "resultSelector": "jsonpath:$.value[*].name"
        },
        {
          "target": "ResourceGroupName",
          "endpointId": "$(ConnectedServiceNameARM)",
          "dataSourceName": "AzureResourceGroups"
        }
      ],
    "execution": {
        "Node16": {
            "target": "index.js"
        }
    }
}