{
  "$schema": "https://schema.management.azure.com/schemas/2015-01-01/deploymentParameters.json#",
  "contentVersion": "1.0.0.0",
  "parameters": {
    "accessPolicies": {
      "value": [
        {
          "objectId": "",
          "tenantId": "44bbd632-fe04-42d7-933e-2649dcd22649",
          "permissions": {
            "keys": [
              "Get",
              "List"
            ],
            "secrets": [
              "Get",
              "List"
            ],
            "certificates": [
              "Get"
            ]
          },
          "applicationId": null
        }
      ]
    },
    "enabledForDeployment": {
      "value": true
    },
    "enabledForTemplateDeployment": {
      "value": true
    },
    "enabledForDiskEncryption": {
      "value": false
    },
    "environmentAlias": {
      "value": "",
      "metadata": {
        "description": "Values can be d, t, a, p, e or blank."
      }
    },
    "location": {
      "value": "North Europe",
      "metadata": {
        "description": "Values can be North Europe or West Europe."
      }
    },
    "keyVaultNamePrefix": {
      "value": "",
      "metadata": {
        "description": "This is key vault name used as prefix on overall KeyVault name.It should not contain consecutive hypens or spaces. Only alphanumeric characters are allowed."
      }
    },
    "sku": {
      "value": "Premium",
      "metadata": {
        "description": "Value can be Premium or Standard."
      }
    },
    "subscriptionAlias": {
      "value": "VDC01",
      "metadata": {
        "description": "Values can be MGMT, VDC01, ENG01, EC, VWI01."
      }
    }
  }
}