{
    "$schema": "https://schema.management.azure.com/schemas/2019-04-01/deploymentTemplate.json#",
    "contentVersion": "1.0.0.0",
    "parameters": {
        "creationDate": {
            "type": "string",
            "defaultValue": "[utcNow('yyyy-MM-dd')]",
            "metadata": {
                "description": "The date this resource is created."
            }
        },
        "enabledForDeployment": {
            "type": "bool",
            "defaultValue": true
        },
        "enabledForDiskEncryption": {
            "type": "bool",
            "defaultValue": true
        },
        "enabledForTemplateDeployment": {
            "type": "bool",
            "defaultValue": true
        },
        "keyRotationServicePrincipalApplicationId": {
            "type": "string",
            "metadata": {
                "description": "The Service Principal Application ID of the key rotation function."
            }
        },
        "keyVaultName": {
            "type": "string",
            "metadata": {
                "description": "The name of the Key Vault."
            }
        },
        "location": {
            "type": "string",
            "defaultValue": "[resourceGroup().location]",
            "allowedValues": [
                "northeurope",
                "westeurope",
                "uksouth",
                "ukwest"
            ]
        },
        "sku": {
            "type": "string",
            "defaultValue": "Standard",
            "allowedValues": [
                "Standard",
                "Premium"
            ],
            "metadata": {
                "description": "SKU for the vault"
            }
        },
        "webHookUrl": {
            "type": "string",
            "metadata": {
                "description": "The URL of the key rotation function."
            }
        }
    },
    "variables": {
        "backupAccessPolicies": [
            {
                "tenantId": "[subscription().tenantId]",
                "objectId": "e0096869-2fc6-4635-b764-ae4cc6bf9fa6",
                "permissions": {
                    "keys": [
                        "Get",
                        "List",
                        "Backup"
                    ],
                    "secrets": [
                        "Get",
                        "List",
                        "Backup"
                    ]
                }
            }
        ],
        "eventGridSubscriptionName": "AutomaticKeyRotation",
        "eventGridSystemTopicName": "[concat(parameters('keyVaultName'), '-evgt')]",
        "eventGridSystemTopicResourceId": "[resourceId('Microsoft.EventGrid/systemTopics', variables('eventGridSystemTopicName'))]",
        "keyVaultResourceId": "[resourceId('Microsoft.KeyVault/vaults', parameters('keyVaultName'))]",
        "version": "KeyVault 2.1"
    },
    "resources": [
        {
            "type": "Microsoft.KeyVault/vaults",
            "apiVersion": "2019-09-01",
            "name": "[parameters('keyVaultName')]",
            "location": "[parameters('location')]",
            "properties": {
                "enabledForDeployment": "[parameters('enabledForDeployment')]",
                "enabledForDiskEncryption": "[parameters('enabledForDiskEncryption')]",
                "enabledForTemplateDeployment": "[parameters('enabledForTemplateDeployment')]",
                "accessPolicies": "[variables('backupAccessPolicies')]",
                "tenantId": "[subscription().tenantId]",
                "sku": {
                    "name": "[parameters('sku')]",
                    "family": "A"
                }
            },
            "tags": {
                "creationDate": "[parameters('creationDate')]",
                "version": "[variables('version')]"
            }
        },
        {
            "type": "Microsoft.KeyVault/vaults/providers/locks",
            "apiVersion": "2016-09-01",
            "name": "[concat(parameters('keyVaultName'), '/Microsoft.Authorization/',parameters('keyVaultName'),'-lock')]",
            "dependsOn": [
                "[variables('keyVaultResourceId')]"
            ],
            "properties": {
                "level": "CanNotDelete",
                "notes": "Resource should not be deleted."
            }
        },
        {
            "type": "Microsoft.EventGrid/systemTopics",
            "apiVersion": "2021-12-01",
            "name": "[variables('eventGridSystemTopicName')]",
            "location": "[resourceGroup().location]",
            "dependsOn": [
                "[variables('keyVaultResourceId')]"
            ],
            "tags": {
                "creationDate": "[parameters('creationDate')]",
                "version": "[variables('version')]"
            },
            "properties": {
                "source": "[variables('keyVaultResourceId')]",
                "topicType": "Microsoft.KeyVault.vaults"
            }
        },
        {
            "type": "Microsoft.EventGrid/systemTopics/providers/locks",
            "apiVersion": "2016-09-01",
            "name": "[concat(variables('eventGridSystemTopicName'), '/Microsoft.Authorization/', variables('eventGridSystemTopicName'), '-lock')]",
            "dependsOn": [
                "[variables('eventGridSystemTopicResourceId')]"
            ],
            "properties": {
                "level": "CanNotDelete",
                "notes": "Resource should not be deleted."
            }
        },
        {
            "type": "Microsoft.EventGrid/systemTopics/eventSubscriptions",
            "apiVersion": "2021-12-01",
            "name": "[concat(variables('eventGridSystemTopicName'), '/', variables('eventGridSubscriptionName'))]",
            "dependsOn": [
                "[variables('eventGridSystemTopicResourceId')]"
            ],
            "properties": {
                "destination": {
                    "endpointType": "WebHook",
                    "properties": {
                        "azureActiveDirectoryApplicationIdOrUri": "[parameters('keyRotationServicePrincipalApplicationId')]",
                        "azureActiveDirectoryTenantId": "[subscription().tenantId]",
                        "endpointUrl": "[parameters('webHookUrl')]",
                        "maxEventsPerBatch": 1,
                        "preferredBatchSizeInKilobytes": 64
                    }
                },
                "filter": {
                    "includedEventTypes": [
                        "Microsoft.KeyVault.SecretNearExpiry"
                    ],
                    "enableAdvancedFilteringOnArrays": true
                },
                "labels": [],
                "eventDeliverySchema": "EventGridSchema",
                "retryPolicy": {
                    "maxDeliveryAttempts": 30,
                    "eventTimeToLiveInMinutes": 1440
                }
            }
        }
    ],
    "outputs": {
        "keyVaultName": {
            "type": "string",
            "value": "[parameters('keyVaultName')]"
        }
    }
}